Route,avg_temp_c,avg_wind_knots,avg_turbulence,avg_visibility_km
ATL_AUS,4.2727272727272725,25.636363636363637,1.9090909090909092,10.090909090909092
ATL_BNA,0.3333333333333333,22.666666666666668,1.6666666666666667,12.666666666666666
ATL_BOS,4.333333333333333,26.416666666666668,2.25,9.25
ATL_CLT,14.75,23.625,2.375,11.5
ATL_CMH,10.25,27.75,2.375,11.125
ATL_DEN,13.454545454545455,17.09090909090909,1.8181818181818181,9.090909090909092
ATL_DFW,9.1875,25.5625,1.6875,9.875
ATL_DTW,7.05,24.0,1.85,11.65
ATL_IAD,13.5,26.6875,1.8125,11.3125
ATL_IAH,4.444444444444445,20.88888888888889,2.4444444444444446,12.333333333333334
ATL_IND,6.142857142857143,25.857142857142858,1.7142857142857142,11.5
ATL_JFK,6.375,25.5,2.125,8.875
ATL_LAS,7.6,24.1,2.1,10.6
ATL_LAX,7.142857142857143,23.5,2.142857142857143,10.285714285714286
ATL_MCI,5.555555555555555,30.22222222222222,2.0,11.0
ATL_MCO,12.136363636363637,24.181818181818183,2.0,10.227272727272727
ATL_MIA,14.4,29.0,2.2666666666666666,11.133333333333333
ATL_MSP,12.0,28.083333333333332,2.1666666666666665,10.666666666666666
ATL_ORD,9.0,21.375,2.125,10.5
ATL_PDX,12.454545454545455,30.545454545454547,1.8181818181818181,7.2727272727272725
ATL_PHL,1.7272727272727273,28.09090909090909,2.0,13.272727272727273
ATL_PHX,12.0,33.07692307692308,2.0,11.23076923076923
ATL_SAN,4.083333333333333,29.333333333333332,2.1666666666666665,9.166666666666666
ATL_SEA,5.846153846153846,22.53846153846154,2.5384615384615383,11.384615384615385
ATL_SFO,9.88888888888889,25.77777777777778,1.6666666666666667,11.444444444444445
ATL_SLC,4.111111111111111,31.77777777777778,2.111111111111111,12.88888888888889
ATL_STL,10.166666666666666,19.333333333333332,2.0,8.0
ATL_TPA,0.3333333333333333,19.583333333333332,2.25,11.666666666666666
AUS_ATL,13.083333333333334,26.666666666666668,1.9166666666666667,12.5
AUS_BNA,12.285714285714286,22.285714285714285,2.0,12.714285714285714
AUS_BOS,2.0,29.53846153846154,1.7692307692307692,10.923076923076923
AUS_CLT,6.166666666666667,31.583333333333332,2.0,8.75
AUS_CMH,4.75,26.375,2.3125,12.5625
AUS_DEN,4.6,18.1,2.0,13.6
AUS_DFW,8.583333333333334,19.416666666666668,2.0833333333333335,11.5
AUS_DTW,12.61111111111111,21.833333333333332,1.8888888888888888,10.944444444444445
AUS_IAD,7.416666666666667,20.166666666666668,2.0,11.833333333333334
AUS_IAH,12.625,22.5,2.125,11.0
AUS_IND,7.470588235294118,25.705882352941178,2.0588235294117645,11.470588235294118
AUS_JFK,11.333333333333334,27.0,2.4166666666666665,13.583333333333334
AUS_LAS,6.8,25.933333333333334,2.1333333333333333,9.866666666666667
AUS_LAX,11.176470588235293,27.647058823529413,2.0588235294117645,9.294117647058824
AUS_MCI,6.125,17.75,2.1875,9.5625
AUS_MCO,14.95,29.35,1.8,10.9
AUS_MIA,7.181818181818182,22.545454545454547,1.9090909090909092,10.636363636363637
AUS_MSP,10.333333333333334,25.25,2.1666666666666665,11.416666666666666
AUS_ORD,7.25,27.875,1.625,7.625
AUS_PDX,0.0,20.11764705882353,2.235294117647059,11.058823529411764
AUS_PHL,10.571428571428571,29.61904761904762,1.8571428571428572,12.761904761904763
AUS_PHX,9.066666666666666,26.866666666666667,2.066666666666667,10.666666666666666
AUS_SAN,2.5,26.6875,2.0625,10.75
AUS_SEA,13.928571428571429,24.428571428571427,1.9285714285714286,11.5
AUS_SFO,9.04,23.8,1.8,11.08
AUS_SLC,16.75,27.125,2.125,7.5
AUS_STL,14.166666666666666,29.083333333333332,1.9166666666666667,7.833333333333333
AUS_TPA,18.615384615384617,23.923076923076923,1.7692307692307692,11.153846153846153
BNA_ATL,12.555555555555555,20.333333333333332,1.6666666666666667,4.777777777777778
BNA_AUS,-1.6666666666666667,27.833333333333332,2.0833333333333335,12.166666666666666
BNA_BOS,3.25,24.416666666666668,1.75,10.833333333333334
BNA_CLT,11.642857142857142,28.285714285714285,2.0,11.5
BNA_CMH,3.235294117647059,26.705882352941178,1.8823529411764706,8.294117647058824
BNA_DEN,12.076923076923077,23.76923076923077,2.1538461538461537,7.538461538461538
BNA_DFW,14.545454545454545,27.818181818181817,1.7727272727272727,11.772727272727273
BNA_DTW,-1.8,16.6,2.2,8.6
BNA_IAD,13.642857142857142,29.571428571428573,1.9285714285714286,9.428571428571429
BNA_IAH,10.4,14.4,2.5,10.5
BNA_IND,14.272727272727273,26.363636363636363,2.3636363636363638,7.636363636363637
BNA_JFK,8.428571428571429,38.714285714285715,2.0,10.0
BNA_LAS,8.428571428571429,24.928571428571427,2.142857142857143,8.857142857142858
BNA_LAX,9.266666666666667,24.333333333333332,2.3333333333333335,9.333333333333334
BNA_MCI,15.625,30.9375,2.3125,8.875
BNA_MCO,8.785714285714286,24.071428571428573,1.7857142857142858,11.5
BNA_MIA,5.714285714285714,25.928571428571427,2.0714285714285716,12.0
BNA_MSP,14.0,21.5,2.125,10.25
BNA_ORD,5.538461538461538,32.30769230769231,1.7692307692307692,10.923076923076923
BNA_PDX,13.777777777777779,29.833333333333332,2.0555555555555554,9.555555555555555
BNA_PHL,16.125,21.0,1.5,10.0
BNA_PHX,6.785714285714286,26.642857142857142,1.9285714285714286,10.928571428571429
BNA_SAN,16.818181818181817,24.363636363636363,2.1818181818181817,9.363636363636363
BNA_SEA,11.875,19.25,1.75,12.625
BNA_SFO,12.0,22.428571428571427,1.8571428571428572,8.928571428571429
BNA_SLC,2.652173913043478,26.217391304347824,1.9130434782608696,10.391304347826088
BNA_STL,8.857142857142858,30.714285714285715,2.4285714285714284,7.928571428571429
BNA_TPA,6.7272727272727275,37.72727272727273,2.3636363636363638,8.636363636363637
BOS_ATL,18.333333333333332,28.333333333333332,2.5,13.166666666666666
BOS_AUS,11.916666666666666,13.25,1.9166666666666667,8.5
BOS_BNA,4.4375,30.0,2.125,9.3125
BOS_CLT,9.3125,29.9375,2.25,10.5
BOS_CMH,0.5,27.625,2.0,14.25
BOS_DEN,15.666666666666666,22.666666666666668,1.8888888888888888,11.333333333333334
BOS_DFW,5.75,23.833333333333332,1.75,10.666666666666666
BOS_DTW,8.785714285714286,28.214285714285715,2.0714285714285716,12.714285714285714
BOS_IAD,5.166666666666667,18.416666666666668,1.8333333333333333,10.666666666666666
BOS_IAH,14.733333333333333,31.533333333333335,1.7333333333333334,9.666666666666666
BOS_IND,5.4,18.466666666666665,2.0,11.866666666666667
BOS_JFK,12.428571428571429,20.285714285714285,1.4285714285714286,12.714285714285714
BOS_LAS,5.357142857142857,26.428571428571427,2.0714285714285716,10.928571428571429
BOS_LAX,14.1875,26.25,1.9375,11.375
BOS_MCI,14.11111111111111,26.555555555555557,1.6666666666666667,8.333333333333334
BOS_MCO,13.777777777777779,24.77777777777778,1.9444444444444444,9.777777777777779
BOS_MIA,15.0,22.0,2.25,12.5
BOS_MSP,5.090909090909091,24.90909090909091,2.3636363636363638,6.2727272727272725
BOS_ORD,9.523809523809524,25.095238095238095,2.0476190476190474,9.285714285714286
BOS_PDX,11.909090909090908,30.272727272727273,2.090909090909091,9.545454545454545
BOS_PHL,17.307692307692307,25.0,2.1538461538461537,11.846153846153847
BOS_PHX,11.777777777777779,30.555555555555557,1.8888888888888888,11.11111111111111
BOS_SAN,8.1,21.4,2.6,10.1
BOS_SEA,3.2,14.8,1.9,10.6
BOS_SFO,7.555555555555555,25.88888888888889,1.8888888888888888,8.444444444444445
BOS_SLC,7.555555555555555,28.11111111111111,1.9444444444444444,10.61111111111111
BOS_STL,5.222222222222222,31.555555555555557,2.2222222222222223,12.666666666666666
BOS_TPA,5.666666666666667,27.666666666666668,1.8888888888888888,9.0
CLT_ATL,6.384615384615385,24.923076923076923,1.7692307692307692,11.76923076923077
CLT_AUS,3.9,23.5,2.2,11.2
CLT_BNA,17.6,26.3,1.7,7.4
CLT_BOS,18.3,20.2,1.9,11.8
CLT_CMH,12.882352941176471,28.0,1.8823529411764706,10.235294117647058
CLT_DEN,17.3,21.0,1.8,10.1
CLT_DFW,10.333333333333334,27.133333333333333,1.9333333333333333,10.0
CLT_DTW,12.266666666666667,21.533333333333335,1.8,11.333333333333334
CLT_IAD,6.0,23.266666666666666,1.6,10.533333333333333
CLT_IAH,3.1333333333333333,33.8,2.1333333333333333,10.0
CLT_IND,15.470588235294118,25.823529411764707,2.0,9.941176470588236
CLT_JFK,5.3125,21.125,2.0625,11.9375
CLT_LAS,1.6666666666666667,20.0,1.9166666666666667,6.916666666666667
CLT_LAX,4.933333333333334,20.466666666666665,2.0,11.933333333333334
CLT_MCI,5.75,32.75,1.625,9.875
CLT_MCO,14.0,19.22222222222222,2.3333333333333335,7.666666666666667
CLT_MIA,14.818181818181818,27.454545454545453,2.4545454545454546,9.727272727272727
CLT_MSP,6.714285714285714,19.571428571428573,2.4285714285714284,12.071428571428571
CLT_ORD,16.615384615384617,23.307692307692307,2.3076923076923075,8.153846153846153
CLT_PDX,7.0,22.866666666666667,1.7333333333333334,12.2
CLT_PHL,14.909090909090908,22.272727272727273,2.090909090909091,9.636363636363637
CLT_PHX,8.642857142857142,25.357142857142858,2.0,11.714285714285714
CLT_SAN,7.538461538461538,28.076923076923077,2.1538461538461537,12.76923076923077
CLT_SEA,16.0,25.375,2.0625,11.0
CLT_SFO,10.0,18.076923076923077,2.1538461538461537,11.307692307692308
CLT_SLC,11.363636363636363,33.90909090909091,2.1818181818181817,12.545454545454545
CLT_STL,12.333333333333334,22.555555555555557,2.111111111111111,15.333333333333334
CLT_TPA,2.375,31.0625,1.6875,9.1875
CMH_ATL,15.857142857142858,22.714285714285715,2.142857142857143,11.571428571428571
CMH_AUS,16.0,22.555555555555557,1.7777777777777777,10.777777777777779
CMH_BNA,18.466666666666665,25.533333333333335,2.2666666666666666,9.066666666666666
CMH_BOS,-6.111111111111111,22.555555555555557,2.0,10.777777777777779
CMH_CLT,18.133333333333333,19.866666666666667,2.0,10.266666666666667
CMH_DEN,6.230769230769231,22.923076923076923,1.7692307692307692,8.615384615384615
CMH_DFW,4.333333333333333,31.5,1.8333333333333333,10.5
CMH_DTW,10.4,21.8,2.1333333333333333,10.666666666666666
CMH_IAD,18.0,27.666666666666668,1.6666666666666667,11.11111111111111
CMH_IAH,8.833333333333334,24.0,2.1666666666666665,12.833333333333334
CMH_IND,11.785714285714286,29.642857142857142,1.9285714285714286,8.357142857142858
CMH_JFK,9.272727272727273,24.818181818181817,2.0,10.0
CMH_LAS,9.0,29.8,1.7,9.4
CMH_LAX,14.333333333333334,26.0,1.6,8.266666666666667
CMH_MCI,12.625,23.625,2.375,9.75
CMH_MCO,5.3076923076923075,24.153846153846153,2.230769230769231,12.538461538461538
CMH_MIA,16.6,17.9,2.1,13.1
CMH_MSP,11.357142857142858,25.857142857142858,1.9285714285714286,11.142857142857142
CMH_ORD,4.0588235294117645,27.941176470588236,2.0,11.470588235294118
CMH_PDX,6.769230769230769,28.615384615384617,1.9230769230769231,7.769230769230769
CMH_PHL,11.857142857142858,23.428571428571427,2.0714285714285716,10.571428571428571
CMH_PHX,20.333333333333332,21.833333333333332,1.3333333333333333,14.833333333333334
CMH_SAN,9.285714285714286,34.857142857142854,1.7142857142857142,12.571428571428571
CMH_SEA,2.6,15.2,1.8,12.4
CMH_SFO,11.285714285714286,30.0,1.9285714285714286,9.928571428571429
CMH_SLC,5.555555555555555,22.0,1.8888888888888888,13.11111111111111
CMH_STL,7.823529411764706,27.058823529411764,2.1176470588235294,11.352941176470589
CMH_TPA,7.5,29.6,2.0,11.8
DEN_ATL,4.25,34.375,2.125,9.25
DEN_AUS,14.666666666666666,15.444444444444445,1.6666666666666667,11.88888888888889
DEN_BNA,16.428571428571427,23.071428571428573,2.0,10.285714285714286
DEN_BOS,15.9,24.8,2.1,8.3
DEN_CLT,13.583333333333334,22.5,2.3333333333333335,12.25
DEN_CMH,9.0,24.7,1.7,10.5
DEN_DFW,13.9,24.4,2.3,12.3
DEN_DTW,15.9,22.5,1.8,12.0
DEN_IAD,7.230769230769231,22.0,2.1538461538461537,12.384615384615385
DEN_IAH,7.733333333333333,27.2,2.0,9.0
DEN_IND,11.076923076923077,20.692307692307693,2.0,11.692307692307692
DEN_JFK,18.0,30.9,1.9,13.3
DEN_LAS,18.25,24.333333333333332,1.5833333333333333,11.5
DEN_LAX,4.785714285714286,24.285714285714285,2.357142857142857,11.285714285714286
DEN_MCI,12.285714285714286,19.928571428571427,1.9285714285714286,13.357142857142858
DEN_MCO,8.25,19.5,1.875,7.375
DEN_MIA,9.846153846153847,28.384615384615383,1.6153846153846154,14.076923076923077
DEN_MSP,20.5,21.625,1.9375,11.125
DEN_ORD,2.25,25.166666666666668,1.75,14.0
DEN_PDX,13.0,26.076923076923077,2.230769230769231,9.076923076923077
DEN_PHL,4.8,20.7,2.0,12.2
DEN_PHX,-0.25,22.8125,1.4375,11.1875
DEN_SAN,13.2,27.8,1.5,11.8
DEN_SEA,14.6,22.2,2.4,7.7
DEN_SFO,5.722222222222222,21.38888888888889,2.0555555555555554,10.11111111111111
DEN_SLC,7.615384615384615,28.153846153846153,2.230769230769231,12.23076923076923
DEN_STL,20.875,25.6875,1.8125,9.0625
DEN_TPA,5.625,27.625,1.875,6.25
DFW_ATL,14.090909090909092,27.363636363636363,1.8181818181818181,7.818181818181818
DFW_AUS,12.916666666666666,26.666666666666668,1.8333333333333333,8.166666666666666
DFW_BNA,17.642857142857142,24.0,1.9285714285714286,10.642857142857142
DFW_BOS,4.916666666666667,28.5,1.6666666666666667,10.166666666666666
DFW_CLT,13.153846153846153,21.53846153846154,2.076923076923077,11.76923076923077
DFW_CMH,4.0,28.0,2.1666666666666665,10.916666666666666
DFW_DEN,9.9,27.35,2.0,10.55
DFW_DTW,6.785714285714286,28.214285714285715,2.2142857142857144,12.214285714285714
DFW_IAD,7.285714285714286,25.571428571428573,2.142857142857143,11.0
DFW_IAH,11.6,21.85,1.9,11.75
DFW_IND,9.23076923076923,19.53846153846154,1.5384615384615385,8.461538461538462
DFW_JFK,6.833333333333333,28.666666666666668,1.5,11.5
DFW_LAS,9.133333333333333,25.2,1.7333333333333334,12.466666666666667
DFW_LAX,16.90909090909091,22.727272727272727,2.4545454545454546,11.727272727272727
DFW_MCI,12.363636363636363,36.18181818181818,1.8181818181818181,13.090909090909092
DFW_MCO,16.4,14.8,2.5,10.8
DFW_MIA,15.23076923076923,26.846153846153847,1.7692307692307692,11.538461538461538
DFW_MSP,15.75,30.0,2.0,12.416666666666666
DFW_ORD,9.727272727272727,22.454545454545453,1.7272727272727273,12.181818181818182
DFW_PDX,9.733333333333333,23.266666666666666,2.2666666666666666,11.066666666666666
DFW_PHL,15.294117647058824,23.11764705882353,2.176470588235294,10.588235294117647
DFW_PHX,9.666666666666666,29.25,1.5833333333333333,11.333333333333334
DFW_SAN,11.76923076923077,23.76923076923077,2.1538461538461537,11.384615384615385
DFW_SEA,9.11111111111111,31.0,2.2222222222222223,12.777777777777779
DFW_SFO,4.875,25.125,1.625,9.125
DFW_SLC,2.5,36.0,1.8333333333333333,11.5
DFW_STL,6.875,24.9375,2.3125,10.3125
DFW_TPA,10.5,28.09090909090909,1.9090909090909092,9.227272727272727
DTW_ATL,13.866666666666667,23.533333333333335,2.2666666666666666,11.2
DTW_AUS,11.636363636363637,26.818181818181817,1.6363636363636365,10.0
DTW_BNA,9.8125,17.875,1.8125,10.4375
DTW_BOS,8.363636363636363,27.0,2.090909090909091,8.0
DTW_CLT,12.666666666666666,32.833333333333336,1.8333333333333333,11.583333333333334
DTW_CMH,15.285714285714286,25.285714285714285,1.7142857142857142,12.428571428571429
DTW_DEN,7.9375,27.75,1.875,10.8125
DTW_DFW,21.25,28.625,2.25,11.25
DTW_IAD,15.363636363636363,19.727272727272727,2.090909090909091,9.818181818181818
DTW_IAH,19.09090909090909,21.818181818181817,1.9090909090909092,12.818181818181818
DTW_IND,11.285714285714286,25.0,2.142857142857143,10.857142857142858
DTW_JFK,13.25,30.125,2.625,8.875
DTW_LAS,16.333333333333332,25.88888888888889,2.111111111111111,10.222222222222221
DTW_LAX,8.5,24.11111111111111,2.111111111111111,11.055555555555555
DTW_MCI,7.470588235294118,31.235294117647058,1.8235294117647058,9.705882352941176
DTW_MCO,18.285714285714285,20.857142857142858,1.7857142857142858,11.214285714285714
DTW_MIA,9.444444444444445,27.444444444444443,2.111111111111111,7.333333333333333
DTW_MSP,15.714285714285714,24.714285714285715,2.0,11.785714285714286
DTW_ORD,9.181818181818182,31.09090909090909,2.090909090909091,12.090909090909092
DTW_PDX,10.5,22.666666666666668,2.0,9.5
DTW_PHL,16.125,23.125,1.75,8.625
DTW_PHX,17.5,16.928571428571427,1.9285714285714286,10.785714285714286
DTW_SAN,6.384615384615385,22.153846153846153,1.9230769230769231,11.846153846153847
DTW_SEA,9.777777777777779,25.055555555555557,2.111111111111111,11.055555555555555
DTW_SFO,7.615384615384615,31.153846153846153,1.5384615384615385,9.23076923076923
DTW_SLC,19.6,31.4,1.8,6.7
DTW_STL,8.428571428571429,20.071428571428573,1.8571428571428572,13.857142857142858
DTW_TPA,8.181818181818182,29.0,1.8181818181818181,11.909090909090908
IAD_ATL,19.333333333333332,19.5,1.6666666666666667,8.333333333333334
IAD_AUS,7.625,26.4375,1.875,11.5625
IAD_BNA,9.944444444444445,25.27777777777778,2.0555555555555554,11.11111111111111
IAD_BOS,19.7,25.1,1.7,11.9
IAD_CLT,16.642857142857142,18.5,1.9285714285714286,9.857142857142858
IAD_CMH,8.833333333333334,18.583333333333332,2.1666666666666665,10.833333333333334
IAD_DEN,9.5,23.2,2.0,9.2
IAD_DFW,16.166666666666668,26.25,2.1666666666666665,9.916666666666666
IAD_DTW,0.8333333333333334,27.333333333333332,2.1666666666666665,10.833333333333334
IAD_IAH,9.125,25.625,2.0625,9.375
IAD_IND,10.214285714285714,26.285714285714285,1.6428571428571428,14.571428571428571
IAD_JFK,16.46153846153846,26.076923076923077,1.6923076923076923,7.3076923076923075
IAD_LAS,11.777777777777779,21.555555555555557,2.0,12.777777777777779
IAD_LAX,14.76923076923077,30.384615384615383,1.8461538461538463,9.384615384615385
IAD_MCI,12.083333333333334,23.083333333333332,1.8333333333333333,10.416666666666666
IAD_MCO,-4.25,25.833333333333332,1.9166666666666667,13.666666666666666
IAD_MIA,12.35,21.1,1.95,8.35
IAD_MSP,13.857142857142858,20.642857142857142,2.4285714285714284,10.428571428571429
IAD_ORD,10.071428571428571,22.714285714285715,1.7857142857142858,9.928571428571429
IAD_PDX,5.666666666666667,25.0,2.0,8.666666666666666
IAD_PHL,4.642857142857143,33.857142857142854,1.8571428571428572,11.357142857142858
IAD_PHX,10.473684210526315,25.894736842105264,1.8421052631578947,11.789473684210526
IAD_SAN,8.9375,23.6875,2.0,12.375
IAD_SEA,7.666666666666667,20.666666666666668,1.6666666666666667,9.583333333333334
IAD_SFO,15.357142857142858,20.714285714285715,2.2142857142857144,10.071428571428571
IAD_SLC,8.875,20.75,2.4375,11.4375
IAD_STL,9.75,35.5,2.25,14.0
IAD_TPA,12.692307692307692,21.23076923076923,2.1538461538461537,8.461538461538462
IAH_ATL,9.533333333333333,19.933333333333334,2.3333333333333335,10.8
IAH_AUS,12.909090909090908,33.45454545454545,1.9090909090909092,15.818181818181818
IAH_BNA,8.4,21.466666666666665,2.0,11.266666666666667
IAH_BOS,5.636363636363637,24.0,2.0,10.818181818181818
IAH_CLT,11.6,27.533333333333335,1.7333333333333334,7.666666666666667
IAH_CMH,13.294117647058824,26.470588235294116,2.2941176470588234,11.588235294117647
IAH_DEN,7.2727272727272725,24.363636363636363,2.3636363636363638,12.090909090909092
IAH_DFW,7.7,20.1,2.2,12.95
IAH_DTW,12.916666666666666,24.916666666666668,1.75,7.333333333333333
IAH_IAD,12.571428571428571,22.142857142857142,2.142857142857143,10.5
IAH_IND,9.818181818181818,23.272727272727273,2.4545454545454546,8.181818181818182
IAH_JFK,8.454545454545455,28.272727272727273,2.0,10.363636363636363
IAH_LAS,6.25,23.25,1.8333333333333333,9.75
IAH_LAX,6.0,26.2,1.8,8.2
IAH_MCI,11.909090909090908,21.90909090909091,1.9090909090909092,11.0
IAH_MCO,3.090909090909091,25.0,2.0,11.272727272727273
IAH_MIA,6.8125,16.875,2.25,10.5
IAH_MSP,4.0,29.7,2.4,12.5
IAH_ORD,19.38888888888889,25.0,2.2777777777777777,12.5
IAH_PDX,7.428571428571429,18.714285714285715,2.4285714285714284,9.0
IAH_PHL,8.705882352941176,23.941176470588236,2.0,8.941176470588236
IAH_PHX,13.875,26.9375,1.875,10.75
IAH_SAN,3.7222222222222223,34.94444444444444,2.0555555555555554,11.0
IAH_SEA,5.583333333333333,32.916666666666664,1.8333333333333333,10.333333333333334
IAH_SFO,11.6,24.1,2.0,10.8
IAH_SLC,15.333333333333334,22.533333333333335,2.1333333333333333,11.0
IAH_STL,15.2,24.2,1.8,9.7
IAH_TPA,22.916666666666668,23.25,2.0,9.333333333333334
IND_ATL,15.266666666666667,19.333333333333332,2.1333333333333333,9.066666666666666
IND_AUS,11.636363636363637,25.545454545454547,2.1818181818181817,10.454545454545455
IND_BNA,6.125,19.625,2.375,8.25
IND_BOS,-1.0,23.571428571428573,2.0,14.857142857142858
IND_CLT,9.777777777777779,15.222222222222221,2.4444444444444446,10.0
IND_CMH,18.375,22.5,2.0,9.125
IND_DEN,10.0,23.933333333333334,1.8666666666666667,12.266666666666667
IND_DFW,2.857142857142857,19.285714285714285,2.4285714285714284,11.285714285714286
IND_DTW,4.3,25.5,2.1,8.4
IND_IAD,2.25,20.75,2.0,11.666666666666666
IND_IAH,1.7222222222222223,19.5,1.7222222222222223,9.166666666666666
IND_JFK,8.666666666666666,22.5,2.3333333333333335,14.166666666666666
IND_LAS,6.0,22.636363636363637,2.0,8.909090909090908
IND_LAX,13.777777777777779,31.11111111111111,2.0,9.444444444444445
IND_MCI,4.368421052631579,23.736842105263158,1.7894736842105263,9.368421052631579
IND_MCO,15.428571428571429,29.714285714285715,1.8571428571428572,10.142857142857142
IND_MIA,8.0,25.214285714285715,2.0714285714285716,10.0
IND_MSP,8.3,24.8,2.1,9.7
IND_ORD,4.428571428571429,26.714285714285715,2.5714285714285716,10.0
IND_PDX,13.727272727272727,22.0,1.8181818181818181,7.909090909090909
IND_PHL,13.0,26.714285714285715,2.0714285714285716,13.214285714285714
IND_PHX,7.9,29.0,1.8,7.7
IND_SAN,8.7,25.1,1.8,12.3
IND_SEA,12.6,29.1,1.8,14.0
IND_SFO,11.6,22.6,1.8,11.5
IND_SLC,7.428571428571429,19.785714285714285,2.0714285714285716,9.714285714285714
IND_STL,15.6,11.6,2.2,7.8
IND_TPA,12.76923076923077,25.23076923076923,2.4615384615384617,10.23076923076923
JFK_ATL,17.5,27.25,2.125,11.75
JFK_AUS,15.235294117647058,24.352941176470587,2.3529411764705883,13.352941176470589
JFK_BNA,6.0,33.857142857142854,1.7142857142857142,9.428571428571429
JFK_BOS,20.833333333333332,16.166666666666668,2.0,12.166666666666666
JFK_CLT,12.25,27.25,2.1666666666666665,9.833333333333334
JFK_CMH,14.875,23.75,1.75,8.375
JFK_DEN,13.142857142857142,24.285714285714285,1.8571428571428572,9.071428571428571
JFK_DFW,4.470588235294118,25.352941176470587,2.5294117647058822,12.411764705882353
JFK_DTW,6.214285714285714,25.142857142857142,2.0714285714285716,11.928571428571429
JFK_IAD,14.785714285714286,23.928571428571427,1.9285714285714286,11.0
JFK_IAH,10.0,25.833333333333332,1.75,9.666666666666666
JFK_IND,18.68421052631579,24.526315789473685,2.3157894736842106,9.105263157894736
JFK_LAS,7.928571428571429,19.642857142857142,1.6428571428571428,11.071428571428571
JFK_LAX,9.923076923076923,29.846153846153847,2.3846153846153846,11.692307692307692
JFK_MCI,3.7857142857142856,27.5,2.0714285714285716,9.857142857142858
JFK_MCO,9.1,14.6,2.5,8.9
JFK_MIA,8.636363636363637,26.636363636363637,2.1818181818181817,12.0
JFK_MSP,3.8125,31.3125,2.0625,11.75
JFK_ORD,14.272727272727273,19.90909090909091,2.272727272727273,12.636363636363637
JFK_PDX,6.125,22.125,2.25,11.625
JFK_PHL,3.0,18.25,1.3333333333333333,13.0
JFK_PHX,7.714285714285714,25.428571428571427,2.2142857142857144,10.214285714285714
JFK_SAN,0.2727272727272727,21.363636363636363,2.272727272727273,10.454545454545455
JFK_SEA,5.555555555555555,29.0,2.2222222222222223,8.666666666666666
JFK_SFO,4.875,30.0,1.625,11.25
JFK_SLC,9.222222222222221,33.333333333333336,1.7777777777777777,7.777777777777778
JFK_STL,12.4,22.9,1.8,10.6
JFK_TPA,14.1,20.0,1.9,12.8
LAS_ATL,7.2727272727272725,22.727272727272727,2.0,10.818181818181818
LAS_AUS,12.529411764705882,30.705882352941178,1.8823529411764706,9.117647058823529
LAS_BNA,23.727272727272727,19.0,2.0,11.0
LAS_BOS,12.571428571428571,21.714285714285715,2.0,10.285714285714286
LAS_CLT,12.333333333333334,24.0,2.0,14.333333333333334
LAS_CMH,7.6875,27.8125,1.9375,10.4375
LAS_DEN,8.4375,17.0,1.9375,9.5625
LAS_DFW,17.68421052631579,25.526315789473685,1.9473684210526316,12.736842105263158
LAS_DTW,6.133333333333334,24.733333333333334,1.6666666666666667,11.666666666666666
LAS_IAD,10.0,22.0,2.0833333333333335,11.416666666666666
LAS_IAH,17.875,26.25,2.0,7.5
LAS_IND,12.04,27.84,2.16,10.96
LAS_JFK,8.307692307692308,25.53846153846154,2.076923076923077,8.307692307692308
LAS_LAX,19.75,26.0,2.0,12.0
LAS_MCI,11.923076923076923,18.153846153846153,1.9230769230769231,12.076923076923077
LAS_MCO,10.555555555555555,25.88888888888889,2.111111111111111,12.222222222222221
LAS_MIA,26.2,25.3,1.9,10.5
LAS_MSP,12.714285714285714,23.857142857142858,1.5714285714285714,8.428571428571429
LAS_ORD,9.909090909090908,16.545454545454547,1.5454545454545454,9.181818181818182
LAS_PDX,11.9,23.5,2.0,13.6
LAS_PHL,8.75,19.5,2.0833333333333335,10.416666666666666
LAS_PHX,4.428571428571429,31.142857142857142,2.142857142857143,9.0
LAS_SAN,15.294117647058824,21.11764705882353,2.1176470588235294,10.705882352941176
LAS_SEA,22.22222222222222,27.11111111111111,2.3333333333333335,11.777777777777779
LAS_SFO,14.666666666666666,20.833333333333332,1.5,10.75
LAS_SLC,6.111111111111111,19.666666666666668,2.0,8.555555555555555
LAS_STL,9.571428571428571,23.642857142857142,2.2142857142857144,11.857142857142858
LAS_TPA,15.777777777777779,22.166666666666668,2.111111111111111,12.222222222222221
LAX_ATL,7.666666666666667,26.0,2.2222222222222223,10.444444444444445
LAX_AUS,12.7,22.5,1.6,10.7
LAX_BNA,18.142857142857142,25.857142857142858,2.142857142857143,11.642857142857142
LAX_BOS,13.0,21.333333333333332,1.6666666666666667,10.0
LAX_CLT,18.071428571428573,24.571428571428573,1.9285714285714286,10.071428571428571
LAX_CMH,15.8,18.7,1.6,10.1
LAX_DEN,5.615384615384615,31.615384615384617,2.0,11.615384615384615
LAX_DFW,17.666666666666668,37.888888888888886,1.2222222222222223,10.11111111111111
LAX_DTW,7.75,29.5,1.9166666666666667,11.0
LAX_IAD,10.4,21.066666666666666,2.066666666666667,9.866666666666667
LAX_IAH,6.444444444444445,27.77777777777778,1.8888888888888888,7.555555555555555
LAX_IND,6.769230769230769,25.384615384615383,1.9230769230769231,12.923076923076923
LAX_JFK,9.176470588235293,26.764705882352942,1.7647058823529411,8.529411764705882
LAX_LAS,14.785714285714286,32.42857142857143,1.8571428571428572,13.0
LAX_MCI,11.818181818181818,24.454545454545453,2.0,9.909090909090908
LAX_MCO,8.588235294117647,28.941176470588236,2.0,10.176470588235293
LAX_MIA,10.5,26.5,1.9,8.4
LAX_MSP,9.61111111111111,26.77777777777778,1.6111111111111112,9.277777777777779
LAX_ORD,7.166666666666667,26.166666666666668,1.9166666666666667,10.166666666666666
LAX_PDX,2.3125,25.8125,1.875,10.4375
LAX_PHL,24.181818181818183,19.272727272727273,2.272727272727273,8.363636363636363
LAX_PHX,8.909090909090908,26.636363636363637,2.0,6.454545454545454
LAX_SAN,10.076923076923077,20.692307692307693,2.3846153846153846,8.076923076923077
LAX_SEA,4.125,18.0625,1.75,8.75
LAX_SFO,5.266666666666667,26.6,2.2,11.066666666666666
LAX_SLC,5.818181818181818,17.545454545454547,1.7272727272727273,8.909090909090908
LAX_STL,10.777777777777779,25.11111111111111,1.8333333333333333,10.88888888888889
LAX_TPA,7.666666666666667,16.8,1.8,12.733333333333333
MCI_ATL,11.875,23.9375,2.1875,9.3125
MCI_AUS,14.071428571428571,19.285714285714285,2.0714285714285716,13.071428571428571
MCI_BNA,14.0,18.181818181818183,2.3636363636363638,11.545454545454545
MCI_BOS,7.266666666666667,25.066666666666666,2.066666666666667,12.533333333333333
MCI_CLT,7.75,20.4375,1.9375,9.875
MCI_CMH,5.75,18.6875,2.1875,8.3125
MCI_DEN,13.894736842105264,22.94736842105263,1.7894736842105263,10.263157894736842
MCI_DFW,10.6,31.133333333333333,1.7333333333333334,11.266666666666667
MCI_DTW,8.25,32.333333333333336,1.5833333333333333,9.333333333333334
MCI_IAD,8.666666666666666,25.133333333333333,2.2666666666666666,8.733333333333333
MCI_IAH,5.266666666666667,22.466666666666665,2.2666666666666666,10.866666666666667
MCI_IND,11.2,34.1,2.0,9.5
MCI_JFK,11.333333333333334,32.666666666666664,2.0,11.333333333333334
MCI_LAS,15.277777777777779,31.055555555555557,2.1666666666666665,8.222222222222221
MCI_LAX,17.25,25.166666666666668,2.0,11.5
MCI_MCO,17.375,33.5,2.25,11.0
MCI_MIA,13.5,25.5,2.3125,12.75
MCI_MSP,1.7142857142857142,27.285714285714285,1.8571428571428572,9.642857142857142
MCI_ORD,9.76923076923077,27.615384615384617,2.0,7.230769230769231
MCI_PDX,9.777777777777779,27.72222222222222,2.111111111111111,10.666666666666666
MCI_PHL,9.5,19.77777777777778,1.7777777777777777,10.11111111111111
MCI_PHX,14.384615384615385,26.53846153846154,2.3076923076923075,11.846153846153847
MCI_SAN,0.5714285714285714,23.285714285714285,1.8571428571428572,9.857142857142858
MCI_SEA,13.4375,20.9375,1.9375,8.5
MCI_SFO,7.8,20.3,2.3,9.8
MCI_SLC,10.666666666666666,21.555555555555557,1.7777777777777777,10.11111111111111
MCI_STL,6.052631578947368,29.894736842105264,2.0,8.105263157894736
MCI_TPA,10.333333333333334,18.25,2.3333333333333335,11.333333333333334
MCO_ATL,4.625,22.3125,1.875,10.4375
MCO_AUS,11.25,27.6875,2.25,9.375
MCO_BNA,10.0,25.571428571428573,1.5714285714285714,9.142857142857142
MCO_BOS,11.3,30.7,1.9,8.2
MCO_CLT,18.333333333333332,20.583333333333332,2.3333333333333335,7.666666666666667
MCO_CMH,15.071428571428571,28.071428571428573,2.0,10.928571428571429
MCO_DEN,8.555555555555555,28.0,1.7777777777777777,13.0
MCO_DFW,0.3333333333333333,28.666666666666668,2.0,9.0
MCO_DTW,10.5,21.357142857142858,2.0,13.285714285714286
MCO_IAD,2.1666666666666665,21.833333333333332,1.8333333333333333,11.833333333333334
MCO_IAH,1.5833333333333333,23.75,2.0833333333333335,9.916666666666666
MCO_IND,14.058823529411764,27.705882352941178,1.7058823529411764,8.941176470588236
MCO_JFK,8.181818181818182,19.727272727272727,1.8181818181818181,10.181818181818182
MCO_LAS,11.875,27.625,2.125,11.5
MCO_LAX,12.733333333333333,25.933333333333334,2.1333333333333333,11.266666666666667
MCO_MCI,20.833333333333332,20.833333333333332,1.6666666666666667,9.0
MCO_MIA,15.333333333333334,25.22222222222222,2.111111111111111,10.555555555555555
MCO_MSP,15.833333333333334,34.833333333333336,2.25,8.5
MCO_ORD,11.285714285714286,16.571428571428573,2.0,12.571428571428571
MCO_PDX,6.7272727272727275,31.181818181818183,1.9090909090909092,10.0
MCO_PHL,6.7,29.9,1.8,12.8
MCO_PHX,8.9,20.7,2.1,8.4
MCO_SAN,8.384615384615385,25.307692307692307,2.3846153846153846,7.0
MCO_SEA,10.5,30.0,2.4,10.0
MCO_SFO,13.5,25.166666666666668,1.5833333333333333,12.833333333333334
MCO_SLC,9.866666666666667,22.333333333333332,2.2,10.4
MCO_STL,16.375,31.75,2.25,11.0
MCO_TPA,11.533333333333333,24.666666666666668,2.066666666666667,9.8
MIA_ATL,2.0,20.0,2.0,5.571428571428571
MIA_AUS,6.4,16.4,2.0,7.5
MIA_BNA,12.0625,25.5625,1.75,11.1875
MIA_BOS,11.3,16.3,2.4,11.6
MIA_CLT,7.285714285714286,25.0,2.2142857142857144,10.714285714285714
MIA_CMH,10.833333333333334,26.75,2.0,11.416666666666666
MIA_DEN,15.5,26.5,1.5,15.166666666666666
MIA_DFW,10.785714285714286,21.714285714285715,2.2142857142857144,14.357142857142858
MIA_DTW,13.571428571428571,22.38095238095238,2.1904761904761907,10.904761904761905
MIA_IAD,10.071428571428571,31.571428571428573,2.142857142857143,11.5
MIA_IAH,9.705882352941176,23.294117647058822,2.0,10.235294117647058
MIA_IND,3.3,20.6,2.3,13.7
MIA_JFK,6.666666666666667,26.533333333333335,1.6666666666666667,12.066666666666666
MIA_LAS,2.5384615384615383,26.23076923076923,1.8461538461538463,9.153846153846153
MIA_LAX,4.588235294117647,24.941176470588236,1.9411764705882353,11.941176470588236
MIA_MCI,3.4444444444444446,24.555555555555557,2.2222222222222223,8.555555555555555
MIA_MCO,4.588235294117647,20.294117647058822,2.411764705882353,6.823529411764706
MIA_MSP,9.714285714285714,23.0,1.5714285714285714,8.571428571428571
MIA_ORD,0.8571428571428571,27.142857142857142,2.2857142857142856,8.285714285714286
MIA_PDX,12.666666666666666,36.333333333333336,1.3333333333333333,12.333333333333334
MIA_PHL,18.466666666666665,21.266666666666666,1.4,10.133333333333333
MIA_PHX,8.0,29.333333333333332,2.0,9.166666666666666
MIA_SAN,14.88888888888889,25.22222222222222,2.0,10.11111111111111
MIA_SEA,6.9,17.6,2.1,9.3
MIA_SFO,5.142857142857143,26.785714285714285,2.2857142857142856,10.714285714285714
MIA_SLC,10.0,25.133333333333333,1.9333333333333333,10.133333333333333
MIA_STL,16.5,9.5,2.25,11.5
MIA_TPA,14.538461538461538,28.615384615384617,1.8461538461538463,10.692307692307692
MSP_ATL,7.538461538461538,25.23076923076923,1.7692307692307692,10.461538461538462
MSP_AUS,8.714285714285714,28.714285714285715,2.0,7.285714285714286
MSP_BNA,13.5,20.75,2.25,11.5
MSP_BOS,9.0,14.8,1.8,15.2
MSP_CLT,6.0,18.444444444444443,1.8888888888888888,12.11111111111111
MSP_CMH,14.866666666666667,24.666666666666668,2.1333333333333333,10.533333333333333
MSP_DEN,2.3636363636363638,27.727272727272727,2.1818181818181817,9.363636363636363
MSP_DFW,9.6,22.0,1.9333333333333333,11.133333333333333
MSP_DTW,15.166666666666666,31.833333333333332,2.1666666666666665,11.916666666666666
MSP_IAD,-1.0769230769230769,31.076923076923077,2.1538461538461537,11.0
MSP_IAH,9.0,24.0,2.1,6.9
MSP_IND,9.333333333333334,25.11111111111111,2.2222222222222223,13.11111111111111
MSP_JFK,15.083333333333334,29.25,1.75,9.25
MSP_LAS,7.363636363636363,29.09090909090909,1.8181818181818181,13.363636363636363
MSP_LAX,14.333333333333334,21.88888888888889,1.7777777777777777,10.333333333333334
MSP_MCI,17.166666666666668,15.666666666666666,1.6666666666666667,9.833333333333334
MSP_MCO,15.785714285714286,31.357142857142858,1.9285714285714286,10.785714285714286
MSP_MIA,10.428571428571429,29.428571428571427,2.142857142857143,11.285714285714286
MSP_ORD,9.714285714285714,24.785714285714285,1.8571428571428572,9.785714285714286
MSP_PDX,20.454545454545453,17.363636363636363,2.3636363636363638,10.0
MSP_PHL,4.923076923076923,22.846153846153847,2.230769230769231,10.153846153846153
MSP_PHX,0.45454545454545453,16.272727272727273,1.7272727272727273,11.909090909090908
MSP_SAN,11.466666666666667,29.466666666666665,2.2666666666666666,9.2
MSP_SEA,15.4,26.1,2.6,8.8
MSP_SFO,7.2727272727272725,16.454545454545453,2.0,11.272727272727273
MSP_SLC,-0.42857142857142855,25.571428571428573,1.8571428571428572,9.714285714285714
MSP_STL,17.0,27.0,1.8181818181818181,11.0
MSP_TPA,11.23076923076923,27.615384615384617,2.3846153846153846,11.538461538461538
ORD_ATL,3.6,20.1,2.3,8.6
ORD_AUS,3.5454545454545454,27.0,2.0,11.818181818181818
ORD_BNA,20.636363636363637,23.272727272727273,2.0,9.090909090909092
ORD_BOS,3.4,22.133333333333333,1.8,8.4
ORD_CLT,9.125,16.0,1.875,8.875
ORD_CMH,6.466666666666667,26.933333333333334,1.9333333333333333,7.733333333333333
ORD_DEN,7.8,30.2,1.5,13.0
ORD_DFW,6.8,37.6,1.4,11.1
ORD_DTW,13.882352941176471,31.647058823529413,1.9411764705882353,11.882352941176471
ORD_IAD,8.444444444444445,37.111111111111114,2.111111111111111,9.555555555555555
ORD_IAH,12.4,22.8,1.9,9.9
ORD_IND,-0.46153846153846156,24.0,1.7692307692307692,11.0
ORD_JFK,2.9166666666666665,28.083333333333332,1.8333333333333333,12.166666666666666
ORD_LAS,6.625,29.375,1.875,7.75
ORD_LAX,12.923076923076923,31.384615384615383,2.1538461538461537,11.0
ORD_MCI,14.071428571428571,20.571428571428573,2.2857142857142856,11.5
ORD_MCO,4.5,29.857142857142858,1.9285714285714286,10.357142857142858
ORD_MIA,8.666666666666666,19.666666666666668,1.8333333333333333,12.75
ORD_MSP,7.6923076923076925,26.0,1.6153846153846154,9.615384615384615
ORD_PDX,3.909090909090909,25.09090909090909,1.9090909090909092,12.454545454545455
ORD_PHL,16.583333333333332,18.75,2.0,10.916666666666666
ORD_PHX,7.545454545454546,18.90909090909091,2.1818181818181817,11.272727272727273
ORD_SAN,13.0,32.0,2.3846153846153846,9.0
ORD_SEA,12.0,19.928571428571427,2.0714285714285716,11.214285714285714
ORD_SFO,11.461538461538462,27.53846153846154,1.6153846153846154,11.692307692307692
ORD_SLC,17.466666666666665,30.4,1.6,10.8
ORD_STL,4.428571428571429,30.285714285714285,1.9285714285714286,10.285714285714286
ORD_TPA,12.444444444444445,30.22222222222222,2.3333333333333335,11.333333333333334
PDX_ATL,11.75,18.625,1.75,5.75
PDX_AUS,10.615384615384615,21.53846153846154,1.6923076923076923,10.384615384615385
PDX_BNA,17.0,23.5,2.0714285714285716,11.428571428571429
PDX_BOS,16.583333333333332,21.916666666666668,1.9166666666666667,9.5
PDX_CLT,3.090909090909091,21.545454545454547,2.1818181818181817,9.636363636363637
PDX_CMH,15.333333333333334,23.5,2.0,8.166666666666666
PDX_DEN,14.25,24.375,2.375,11.0
PDX_DFW,12.846153846153847,26.153846153846153,1.7692307692307692,13.923076923076923
PDX_DTW,16.571428571428573,17.857142857142858,2.0,10.142857142857142
PDX_IAD,4.6875,26.3125,2.0,12.875
PDX_IAH,4.636363636363637,22.90909090909091,2.3636363636363638,11.272727272727273
PDX_IND,9.454545454545455,27.181818181818183,2.090909090909091,13.727272727272727
PDX_JFK,18.3125,21.625,2.3125,9.9375
PDX_LAS,9.222222222222221,23.0,2.0,8.11111111111111
PDX_LAX,9.882352941176471,31.764705882352942,2.1176470588235294,10.647058823529411
PDX_MCI,9.0,28.846153846153847,1.9230769230769231,11.23076923076923
PDX_MCO,1.0,24.666666666666668,2.888888888888889,11.777777777777779
PDX_MIA,13.375,14.125,1.875,10.125
PDX_MSP,6.75,20.0,2.5,12.5
PDX_ORD,11.466666666666667,26.666666666666668,1.7333333333333334,9.266666666666667
PDX_PHL,11.666666666666666,10.777777777777779,2.3333333333333335,9.88888888888889
PDX_PHX,5.0,19.3,2.4,8.5
PDX_SAN,13.666666666666666,22.333333333333332,1.5555555555555556,12.444444444444445
PDX_SEA,4.3,26.9,1.8,10.3
PDX_SFO,10.777777777777779,24.666666666666668,1.7777777777777777,10.11111111111111
PDX_SLC,10.307692307692308,33.46153846153846,2.076923076923077,9.307692307692308
PDX_STL,12.11111111111111,23.88888888888889,1.7777777777777777,9.222222222222221
PDX_TPA,5.833333333333333,32.5,1.75,10.833333333333334
PHL_ATL,8.529411764705882,24.88235294117647,2.176470588235294,9.117647058823529
PHL_AUS,14.0,29.22222222222222,2.2222222222222223,9.88888888888889
PHL_BNA,10.333333333333334,23.6,2.066666666666667,12.733333333333333
PHL_BOS,18.0,26.0,2.0588235294117645,13.176470588235293
PHL_CLT,14.555555555555555,18.11111111111111,2.3333333333333335,7.333333333333333
PHL_CMH,7.2,22.4,2.0,8.9
PHL_DEN,2.727272727272727,32.54545454545455,1.9090909090909092,12.909090909090908
PHL_DFW,7.714285714285714,37.142857142857146,2.0,10.428571428571429
PHL_DTW,6.55,28.8,2.0,9.45
PHL_IAD,10.333333333333334,16.583333333333332,2.25,8.75
PHL_IAH,15.1,20.9,1.9,12.2
PHL_IND,8.75,15.666666666666666,1.9166666666666667,8.583333333333334
PHL_JFK,-0.6363636363636364,29.545454545454547,2.0,6.363636363636363
PHL_LAS,8.153846153846153,27.307692307692307,2.3846153846153846,11.615384615384615
PHL_LAX,20.0,21.615384615384617,2.3846153846153846,11.307692307692308
PHL_MCI,13.9375,27.375,2.0,12.5
PHL_MCO,5.588235294117647,22.58823529411765,2.235294117647059,9.470588235294118
PHL_MIA,18.818181818181817,29.272727272727273,2.090909090909091,9.636363636363637
PHL_MSP,8.307692307692308,30.307692307692307,2.076923076923077,10.076923076923077
PHL_ORD,2.5,29.142857142857142,2.2857142857142856,9.857142857142858
PHL_PDX,8.166666666666666,25.5,2.0,9.25
PHL_PHX,16.636363636363637,19.727272727272727,2.4545454545454546,11.727272727272727
PHL_SAN,14.384615384615385,25.153846153846153,2.0,9.76923076923077
PHL_SEA,12.454545454545455,35.81818181818182,1.7272727272727273,10.090909090909092
PHL_SFO,10.571428571428571,22.285714285714285,2.0,13.285714285714286
PHL_SLC,12.454545454545455,29.454545454545453,2.0,10.363636363636363
PHL_STL,12.2,25.0,2.0,11.4
PHL_TPA,17.4,21.2,2.066666666666667,10.4
PHX_ATL,21.636363636363637,21.545454545454547,2.090909090909091,12.363636363636363
PHX_AUS,10.529411764705882,27.352941176470587,1.9411764705882353,11.352941176470589
PHX_BNA,9.090909090909092,24.818181818181817,2.272727272727273,9.636363636363637
PHX_BOS,17.428571428571427,33.57142857142857,1.4285714285714286,4.857142857142857
PHX_CLT,13.071428571428571,13.071428571428571,1.9285714285714286,11.285714285714286
PHX_CMH,17.0,25.0,1.8571428571428572,11.714285714285714
PHX_DEN,18.083333333333332,27.0,2.0,10.333333333333334
PHX_DFW,8.666666666666666,26.916666666666668,1.75,9.333333333333334
PHX_DTW,6.4375,31.1875,1.625,10.625
PHX_IAD,9.8,22.533333333333335,2.2,7.866666666666666
PHX_IAH,8.333333333333334,22.75,1.75,9.0
PHX_IND,0.45,23.8,2.25,11.05
PHX_JFK,12.666666666666666,31.0,2.2,9.533333333333333
PHX_LAS,10.916666666666666,24.916666666666668,2.0833333333333335,10.75
PHX_LAX,8.307692307692308,17.76923076923077,2.3076923076923075,8.923076923076923
PHX_MCI,21.3,21.6,2.1,12.5
PHX_MCO,-0.2,21.2,2.1,12.0
PHX_MIA,14.375,15.625,1.75,9.5
PHX_MSP,-0.5333333333333333,20.4,2.2666666666666666,11.266666666666667
PHX_ORD,13.176470588235293,17.176470588235293,2.0588235294117645,12.058823529411764
PHX_PDX,12.571428571428571,26.357142857142858,2.0714285714285716,9.857142857142858
PHX_PHL,16.0,28.076923076923077,2.1538461538461537,9.384615384615385
PHX_SAN,9.538461538461538,29.615384615384617,1.7692307692307692,11.23076923076923
PHX_SEA,8.76923076923077,28.692307692307693,1.7692307692307692,10.153846153846153
PHX_SFO,15.181818181818182,30.0,1.9090909090909092,9.454545454545455
PHX_SLC,16.11111111111111,24.11111111111111,2.3333333333333335,11.666666666666666
PHX_STL,6.333333333333333,27.416666666666668,2.8333333333333335,10.0
PHX_TPA,9.636363636363637,23.272727272727273,2.5454545454545454,9.090909090909092
SAN_ATL,12.533333333333333,23.866666666666667,2.066666666666667,13.666666666666666
SAN_AUS,4.125,32.875,1.875,10.375
SAN_BNA,13.466666666666667,28.0,1.8,7.8
SAN_BOS,13.0,27.666666666666668,2.25,9.666666666666666
SAN_CLT,15.444444444444445,27.444444444444443,1.8888888888888888,9.333333333333334
SAN_CMH,11.222222222222221,38.111111111111114,1.3333333333333333,16.22222222222222
SAN_DEN,9.416666666666666,21.916666666666668,2.4166666666666665,7.0
SAN_DFW,11.583333333333334,19.833333333333332,1.6666666666666667,10.083333333333334
SAN_DTW,8.133333333333333,23.6,1.9333333333333333,9.733333333333333
SAN_IAD,17.3,24.2,2.0,12.3
SAN_IAH,12.0,20.571428571428573,1.6428571428571428,10.142857142857142
SAN_IND,5.95,26.05,2.05,10.9
SAN_JFK,10.166666666666666,20.5,2.1666666666666665,8.75
SAN_LAS,14.5625,27.0,1.9375,9.5
SAN_LAX,14.727272727272727,29.727272727272727,2.272727272727273,9.181818181818182
SAN_MCI,16.181818181818183,21.363636363636363,1.6363636363636365,12.636363636363637
SAN_MCO,2.588235294117647,30.294117647058822,1.4705882352941178,9.823529411764707
SAN_MIA,18.3,18.8,2.1,8.8
SAN_MSP,5.631578947368421,23.157894736842106,2.0526315789473686,11.526315789473685
SAN_ORD,3.4705882352941178,26.176470588235293,1.8235294117647058,10.470588235294118
SAN_PDX,9.6875,25.875,1.75,8.0625
SAN_PHL,8.0,23.76923076923077,1.8461538461538463,8.076923076923077
SAN_PHX,12.461538461538462,21.076923076923077,1.8461538461538463,10.384615384615385
SAN_SEA,8.23076923076923,17.923076923076923,2.230769230769231,11.923076923076923
SAN_SFO,21.0,25.692307692307693,2.230769230769231,9.153846153846153
SAN_SLC,10.076923076923077,23.615384615384617,1.5384615384615385,9.384615384615385
SAN_STL,24.444444444444443,28.333333333333332,2.111111111111111,12.333333333333334
SAN_TPA,16.2,20.6,2.2,12.333333333333334
SEA_ATL,15.0,13.6,2.0,11.4
SEA_AUS,6.076923076923077,19.153846153846153,1.9230769230769231,9.461538461538462
SEA_BNA,22.0,20.0,2.2857142857142856,10.714285714285714
SEA_BOS,8.214285714285714,23.928571428571427,2.357142857142857,11.357142857142858
SEA_CLT,8.666666666666666,19.933333333333334,2.0,10.533333333333333
SEA_CMH,7.923076923076923,20.692307692307693,2.0,8.615384615384615
SEA_DEN,6.7368421052631575,23.0,1.894736842105263,9.578947368421053
SEA_DFW,1.3333333333333333,19.555555555555557,2.111111111111111,14.11111111111111
SEA_DTW,8.615384615384615,30.76923076923077,2.4615384615384617,10.76923076923077
SEA_IAD,10.642857142857142,27.714285714285715,2.0,9.285714285714286
SEA_IAH,14.6,21.4,2.0,9.0
SEA_IND,11.333333333333334,30.0,1.75,10.583333333333334
SEA_JFK,4.611111111111111,22.5,2.0555555555555554,11.722222222222221
SEA_LAS,9.071428571428571,26.357142857142858,2.142857142857143,9.785714285714286
SEA_LAX,10.333333333333334,26.11111111111111,2.3333333333333335,12.444444444444445
SEA_MCI,3.6153846153846154,18.692307692307693,1.7692307692307692,8.846153846153847
SEA_MCO,12.625,25.0,2.0,12.75
SEA_MIA,18.454545454545453,18.454545454545453,1.7272727272727273,10.545454545454545
SEA_MSP,14.166666666666666,21.666666666666668,2.3333333333333335,12.833333333333334
SEA_ORD,-2.25,17.125,1.75,8.375
SEA_PDX,9.416666666666666,23.666666666666668,2.0,12.583333333333334
SEA_PHL,8.285714285714286,25.785714285714285,2.142857142857143,12.928571428571429
SEA_PHX,9.416666666666666,21.166666666666668,1.5,10.916666666666666
SEA_SAN,25.857142857142858,26.285714285714285,1.5714285714285714,14.428571428571429
SEA_SFO,14.8,26.9,1.9,12.4
SEA_SLC,12.75,20.0,2.0,5.75
SEA_STL,11.222222222222221,23.88888888888889,1.8888888888888888,10.0
SEA_TPA,17.6,26.5,2.2,11.8
SFO_ATL,13.11111111111111,24.22222222222222,2.111111111111111,11.555555555555555
SFO_AUS,7.090909090909091,21.636363636363637,1.5454545454545454,12.636363636363637
SFO_BNA,16.1,32.1,1.7,10.8
SFO_BOS,14.533333333333333,19.4,2.6,11.733333333333333
SFO_CLT,17.833333333333332,31.333333333333332,1.9166666666666667,11.75
SFO_CMH,13.0,27.285714285714285,2.0714285714285716,11.071428571428571
SFO_DEN,7.785714285714286,28.0,2.0,11.642857142857142
SFO_DFW,9.833333333333334,24.666666666666668,2.4166666666666665,11.416666666666666
SFO_DTW,9.625,25.1875,2.4375,10.9375
SFO_IAD,19.0,19.77777777777778,2.3333333333333335,7.555555555555555
SFO_IAH,13.1875,21.6875,2.375,10.1875
SFO_IND,18.545454545454547,24.90909090909091,2.272727272727273,8.636363636363637
SFO_JFK,12.8,25.533333333333335,1.8,7.866666666666666
SFO_LAS,1.1428571428571428,22.285714285714285,1.8571428571428572,8.0
SFO_LAX,11.052631578947368,29.894736842105264,1.8421052631578947,9.052631578947368
SFO_MCI,12.8,14.0,2.4,10.2
SFO_MCO,14.153846153846153,24.384615384615383,2.0,10.23076923076923
SFO_MIA,11.076923076923077,24.307692307692307,2.1538461538461537,10.615384615384615
SFO_MSP,14.166666666666666,29.083333333333332,1.8333333333333333,11.5
SFO_ORD,1.875,33.125,2.25,9.875
SFO_PDX,7.857142857142857,16.285714285714285,1.5714285714285714,12.714285714285714
SFO_PHL,9.11111111111111,31.0,2.2222222222222223,12.0
SFO_PHX,2.3846153846153846,22.46153846153846,1.7692307692307692,9.0
SFO_SAN,4.636363636363637,23.454545454545453,2.5454545454545454,9.0
SFO_SEA,14.88888888888889,24.333333333333332,1.8888888888888888,10.444444444444445
SFO_SLC,12.76923076923077,21.0,1.8461538461538463,11.0
SFO_STL,10.714285714285714,27.0,2.0,12.19047619047619
SFO_TPA,11.6875,27.0,1.875,10.75
SLC_ATL,13.625,25.0625,1.8125,10.125
SLC_AUS,14.7,25.2,1.7,10.9
SLC_BNA,3.4285714285714284,25.142857142857142,1.8571428571428572,10.428571428571429
SLC_BOS,8.043478260869565,23.217391304347824,2.3043478260869565,9.391304347826088
SLC_CLT,15.5,33.916666666666664,1.9166666666666667,9.416666666666666
SLC_CMH,16.4,30.2,2.4,11.2
SLC_DEN,10.0,15.75,2.0833333333333335,6.666666666666667
SLC_DFW,10.846153846153847,28.76923076923077,2.1538461538461537,9.384615384615385
SLC_DTW,16.77777777777778,26.88888888888889,1.7777777777777777,8.88888888888889
SLC_IAD,14.571428571428571,13.857142857142858,1.5714285714285714,7.857142857142857
SLC_IAH,16.083333333333332,20.583333333333332,2.1666666666666665,12.416666666666666
SLC_IND,11.125,26.25,2.125,12.125
SLC_JFK,4.230769230769231,26.307692307692307,2.3846153846153846,8.692307692307692
SLC_LAS,23.3,24.0,2.7,11.7
SLC_LAX,5.888888888888889,27.666666666666668,2.0,8.555555555555555
SLC_MCI,2.0,29.727272727272727,2.090909090909091,10.545454545454545
SLC_MCO,-0.8888888888888888,29.444444444444443,2.0,7.111111111111111
SLC_MIA,6.5,22.071428571428573,2.0714285714285716,10.785714285714286
SLC_MSP,5.923076923076923,28.615384615384617,1.7692307692307692,11.692307692307692
SLC_ORD,10.461538461538462,31.23076923076923,2.3076923076923075,11.923076923076923
SLC_PDX,11.923076923076923,30.615384615384617,1.6923076923076923,9.538461538461538
SLC_PHL,9.117647058823529,19.176470588235293,2.0588235294117645,8.588235294117647
SLC_PHX,17.0,19.0,1.8888888888888888,11.88888888888889
SLC_SAN,9.857142857142858,26.642857142857142,2.357142857142857,12.428571428571429
SLC_SEA,5.666666666666667,30.333333333333332,2.0833333333333335,11.0
SLC_SFO,12.0,29.875,2.0,10.625
SLC_STL,10.882352941176471,26.11764705882353,1.6470588235294117,10.941176470588236
SLC_TPA,13.23076923076923,19.692307692307693,1.6923076923076923,9.692307692307692
STL_ATL,6.875,27.375,2.0625,7.8125
STL_AUS,16.22222222222222,29.0,2.5555555555555554,9.222222222222221
STL_BNA,9.88888888888889,30.333333333333332,2.0,11.11111111111111
STL_BOS,16.0,25.5,2.1,10.9
STL_CLT,-1.0,26.88888888888889,1.5555555555555556,10.333333333333334
STL_CMH,10.789473684210526,20.473684210526315,1.9473684210526316,10.842105263157896
STL_DEN,4.166666666666667,20.0,1.6666666666666667,11.25
STL_DFW,18.72222222222222,26.055555555555557,2.1666666666666665,10.166666666666666
STL_DTW,9.416666666666666,24.0,1.9166666666666667,9.416666666666666
STL_IAD,12.142857142857142,29.785714285714285,2.0,9.571428571428571
STL_IAH,6.5,23.928571428571427,1.6428571428571428,10.642857142857142
STL_IND,17.0,22.866666666666667,2.066666666666667,7.333333333333333
STL_JFK,13.6,18.8,2.0,7.5
STL_LAS,17.05263157894737,22.0,2.526315789473684,7.631578947368421
STL_LAX,9.181818181818182,30.636363636363637,2.0,7.909090909090909
STL_MCI,7.333333333333333,23.466666666666665,2.2666666666666666,9.866666666666667
STL_MCO,8.555555555555555,27.166666666666668,1.8888888888888888,9.444444444444445
STL_MIA,6.2727272727272725,25.09090909090909,1.9090909090909092,8.727272727272727
STL_MSP,8.3,23.3,2.0,11.9
STL_ORD,18.5625,28.75,2.0,10.8125
STL_PDX,12.11111111111111,33.77777777777778,2.2222222222222223,8.333333333333334
STL_PHL,3.7142857142857144,25.857142857142858,1.5714285714285714,9.571428571428571
STL_PHX,13.0,25.0,1.7692307692307692,11.384615384615385
STL_SAN,3.5,22.857142857142858,1.8571428571428572,10.5
STL_SEA,16.90909090909091,30.363636363636363,1.4545454545454546,11.363636363636363
STL_SFO,13.222222222222221,24.11111111111111,1.8888888888888888,9.666666666666666
STL_SLC,4.75,26.75,2.0,13.25
STL_TPA,12.333333333333334,29.0,1.4666666666666666,12.0
TPA_ATL,16.142857142857142,19.0,1.8571428571428572,14.571428571428571
TPA_AUS,11.88888888888889,35.22222222222222,2.3333333333333335,12.444444444444445
TPA_BNA,-4.5,17.125,2.5,13.5
TPA_BOS,6.538461538461538,22.076923076923077,2.076923076923077,9.538461538461538
TPA_CLT,17.647058823529413,26.647058823529413,2.3529411764705883,11.117647058823529
TPA_CMH,4.545454545454546,22.09090909090909,2.3636363636363638,12.0
TPA_DEN,15.333333333333334,28.166666666666668,2.0,12.083333333333334
TPA_DFW,17.0,22.076923076923077,1.9230769230769231,10.0
TPA_DTW,6.4,25.9,2.0,9.8
TPA_IAD,7.529411764705882,23.470588235294116,1.9411764705882353,11.470588235294118
TPA_IAH,8.0,32.15384615384615,1.6153846153846154,8.23076923076923
TPA_IND,13.636363636363637,31.181818181818183,1.5454545454545454,10.727272727272727
TPA_JFK,14.642857142857142,20.5,1.7142857142857142,10.142857142857142
TPA_LAS,-2.1818181818181817,23.09090909090909,1.6363636363636365,13.636363636363637
TPA_LAX,11.3,28.8,1.9,9.9
TPA_MCI,1.5,17.25,2.25,11.25
TPA_MCO,11.6875,27.1875,1.875,11.9375
TPA_MIA,9.909090909090908,15.272727272727273,2.4545454545454546,13.181818181818182
TPA_MSP,7.75,21.125,2.0,8.125
TPA_ORD,14.642857142857142,32.642857142857146,2.142857142857143,11.071428571428571
TPA_PDX,10.307692307692308,25.076923076923077,2.076923076923077,12.153846153846153
TPA_PHL,19.071428571428573,23.357142857142858,2.142857142857143,11.285714285714286
TPA_PHX,6.0,23.90909090909091,2.4545454545454546,9.818181818181818
TPA_SAN,12.6,20.65,2.05,9.0
TPA_SEA,5.5,27.0,2.4,10.4
TPA_SFO,11.222222222222221,15.222222222222221,2.3333333333333335,10.0
TPA_SLC,13.076923076923077,26.46153846153846,2.0,6.846153846153846
TPA_STL,7.904761904761905,17.142857142857142,2.0476190476190474,9.571428571428571
